"","county","year","campaignDonation","votePercent"
"1",1,1,50.2962455749512,0.383583605289459
"2",1,2,50.4770889282227,0.381302058696747
"3",1,3,51.7533683776855,0.404664635658264
"4",1,4,51.7421264648438,0.388277620077133
"5",1,5,51.6859092712402,0.408476710319519
"6",1,6,49.6360054016113,0.371833384037018
"7",1,7,49.9714088439941,0.383208632469177
"8",1,8,50.8667526245117,0.394805312156677
"9",1,9,53.1152648925781,0.421111285686493
"10",1,10,51.8613777160645,0.400078237056732
"11",2,1,45.4895858764648,0.440999001264572
"12",2,2,44.054386138916,0.44013699889183
"13",2,3,48.138973236084,0.479947119951248
"14",2,4,44.9819183349609,0.443603008985519
"15",2,5,45.6269493103027,0.460349053144455
"16",2,6,44.5632858276367,0.441509783267975
"17",2,7,45.3391456604004,0.431150257587433
"18",2,8,47.2657165527344,0.473288387060165
"19",2,9,47.6501960754395,0.490106552839279
"20",2,10,43.8777694702148,0.443156272172928
"21",3,1,41.018310546875,0.559057176113129
"22",3,2,37.5383720397949,0.5248122215271
"23",3,3,38.3843307495117,0.510213792324066
"24",3,4,41.117057800293,0.567808210849762
"25",3,5,41.4121284484863,0.552076041698456
"26",3,6,41.0123023986816,0.562516391277313
"27",3,7,37.9499549865723,0.516564071178436
"28",3,8,36.3183708190918,0.503937602043152
"29",3,9,39.1963920593262,0.551053762435913
"30",3,10,38.5602035522461,0.521099150180817
"31",4,1,32.5127143859863,0.588876366615295
"32",4,2,33.6611328125,0.599503755569458
"33",4,3,32.9040756225586,0.606508612632751
"34",4,4,35.1047286987305,0.626454889774323
"35",4,5,33.1621856689453,0.600459694862366
"36",4,6,35.8177909851074,0.638203263282776
"37",4,7,32.2776679992676,0.600353419780731
"38",4,8,33.7806129455566,0.592227280139923
"39",4,9,33.7113380432129,0.616628229618073
"40",4,10,31.4471874237061,0.569939196109772
"41",5,1,17.63205909729,0.793501615524292
"42",5,2,17.0836811065674,0.789227664470673
"43",5,3,16.7067584991455,0.776549577713013
"44",5,4,16.9638900756836,0.777586281299591
"45",5,5,18.5783042907715,0.806289374828339
"46",5,6,19.9808959960938,0.819141745567322
"47",5,7,17.3213787078857,0.793828904628754
"48",5,8,16.2852954864502,0.769618093967438
"49",5,9,16.8883895874023,0.777014970779419
"50",5,10,20.2600765228271,0.812968492507935
"51",6,1,19.4618873596191,0.820665180683136
"52",6,2,18.4542140960693,0.811577200889587
"53",6,3,16.5714263916016,0.778566956520081
"54",6,4,20.390531539917,0.831374645233154
"55",6,5,17.5254325866699,0.798593163490295
"56",6,6,17.1657619476318,0.787530899047852
"57",6,7,18.0511741638184,0.817158877849579
"58",6,8,17.37721824646,0.802646338939667
"59",6,9,18.1496677398682,0.800258815288544
"60",6,10,18.6440238952637,0.80422043800354
"61",7,1,40.0286979675293,0.562335014343262
"62",7,2,38.4180145263672,0.53882372379303
"63",7,3,40.004322052002,0.549755573272705
"64",7,4,40.2221870422363,0.550629198551178
"65",7,5,39.7822647094727,0.531468152999878
"66",7,6,37.9580039978027,0.530390560626984
"67",7,7,37.5196800231934,0.51383501291275
"68",7,8,37.1919288635254,0.510900676250458
"69",7,9,39.7522773742676,0.548522055149078
"70",7,10,39.3354148864746,0.533320784568787
"71",8,1,36.8419609069824,0.581282019615173
"72",8,2,34.870532989502,0.550257325172424
"73",8,3,36.3385200500488,0.573593437671661
"74",8,4,37.0673675537109,0.573127686977386
"75",8,5,35.7800521850586,0.545546889305115
"76",8,6,37.8168067932129,0.587473094463348
"77",8,7,35.879711151123,0.565217792987823
"78",8,8,36.4331474304199,0.576124131679535
"79",8,9,34.9563369750977,0.56810450553894
"80",8,10,37.034481048584,0.568651556968689
"81",9,1,26.1487007141113,0.750659584999084
"82",9,2,24.3896007537842,0.733632683753967
"83",9,3,25.4829349517822,0.748278796672821
"84",9,4,23.2938060760498,0.735147953033447
"85",9,5,25.6260070800781,0.743060171604156
"86",9,6,22.6668663024902,0.719425976276398
"87",9,7,23.82493019104,0.728295087814331
"88",9,8,25.640193939209,0.742066979408264
"89",9,9,25.4229297637939,0.757847189903259
"90",9,10,24.3512535095215,0.727677762508392
"91",10,1,15.5329723358154,0.810781836509705
"92",10,2,18.7804927825928,0.823818147182465
"93",10,3,16.3535785675049,0.798537015914917
"94",10,4,15.4374532699585,0.806848526000977
"95",10,5,15.8037786483765,0.790672838687897
"96",10,6,17.4498863220215,0.805282950401306
"97",10,7,14.5886716842651,0.762715458869934
"98",10,8,16.5516929626465,0.803473591804504
"99",10,9,17.7779216766357,0.816421270370483
"100",10,10,18.2860698699951,0.819470465183258
"101",11,1,31.4198055267334,0.633464753627777
"102",11,2,30.1631374359131,0.615764677524567
"103",11,3,33.0964584350586,0.648630082607269
"104",11,4,31.4705562591553,0.623317956924438
"105",11,5,31.3006649017334,0.624833226203918
"106",11,6,30.7712936401367,0.629582822322845
"107",11,7,31.3585720062256,0.618587017059326
"108",11,8,35.3120727539062,0.67888742685318
"109",11,9,32.9282264709473,0.666280150413513
"110",11,10,32.1149940490723,0.648928761482239
"111",12,1,50.0197334289551,0.404601782560349
"112",12,2,49.4052886962891,0.39558419585228
"113",12,3,51.6499061584473,0.426139950752258
"114",12,4,49.8872413635254,0.397664070129395
"115",12,5,47.2657661437988,0.370554476976395
"116",12,6,50.0504417419434,0.41400134563446
"117",12,7,50.5522155761719,0.41359007358551
"118",12,8,52.1089324951172,0.422398120164871
"119",12,9,48.8234977722168,0.392193824052811
"120",12,10,49.6396408081055,0.389994531869888
"121",13,1,43.5386962890625,0.427290380001068
"122",13,2,46.3315925598145,0.47643107175827
"123",13,3,47.1018257141113,0.465209454298019
"124",13,4,44.0734329223633,0.43544214963913
"125",13,5,44.796501159668,0.433529704809189
"126",13,6,46.2276573181152,0.456888288259506
"127",13,7,43.1662712097168,0.422749102115631
"128",13,8,45.812816619873,0.459010481834412
"129",13,9,45.6158981323242,0.447118371725082
"130",13,10,44.5924644470215,0.431303262710571
"131",14,1,38.5030479431152,0.523586571216583
"132",14,2,37.6583290100098,0.497456014156342
"133",14,3,39.9569358825684,0.537956178188324
"134",14,4,40.3865356445312,0.53136420249939
"135",14,5,36.3246459960938,0.480412513017654
"136",14,6,40.2196044921875,0.535024225711823
"137",14,7,39.718074798584,0.535111486911774
"138",14,8,40.8171539306641,0.534837245941162
"139",14,9,39.3086891174316,0.522623300552368
"140",14,10,39.1375732421875,0.521669328212738
"141",15,1,48.7797698974609,0.414404064416885
"142",15,2,46.7745552062988,0.374845653772354
"143",15,3,48.2833061218262,0.414020150899887
"144",15,4,47.847110748291,0.403909146785736
"145",15,5,48.4338760375977,0.404775232076645
"146",15,6,48.550407409668,0.402206778526306
"147",15,7,49.3959922790527,0.430354565382004
"148",15,8,48.784252166748,0.426039099693298
"149",15,9,50.8348083496094,0.444782346487045
"150",15,10,48.5750389099121,0.415233641862869
"151",16,1,44.8838500976562,0.403709411621094
"152",16,2,47.9293060302734,0.430359661579132
"153",16,3,48.6652336120605,0.459778547286987
"154",16,4,50.5339698791504,0.474380791187286
"155",16,5,48.0134811401367,0.425903707742691
"156",16,6,45.355052947998,0.400768876075745
"157",16,7,47.2192001342773,0.416259080171585
"158",16,8,42.6940879821777,0.369789898395538
"159",16,9,48.9220314025879,0.450107008218765
"160",16,10,46.9690246582031,0.404560774564743
"161",17,1,39.1519241333008,0.493305772542953
"162",17,2,39.1096687316895,0.483558237552643
"163",17,3,40.1796531677246,0.50151389837265
"164",17,4,42.5012130737305,0.52013236284256
"165",17,5,40.2984085083008,0.500079393386841
"166",17,6,40.6739158630371,0.509185612201691
"167",17,7,40.5406341552734,0.511000037193298
"168",17,8,41.8017463684082,0.516176402568817
"169",17,9,41.4325256347656,0.521746754646301
"170",17,10,40.7357025146484,0.511697590351105
"171",18,1,32.9766540527344,0.598783552646637
"172",18,2,33.5184135437012,0.60352349281311
"173",18,3,34.6800689697266,0.628644108772278
"174",18,4,34.8274688720703,0.62999439239502
"175",18,5,33.118839263916,0.61552107334137
"176",18,6,33.0377311706543,0.597522258758545
"177",18,7,33.0811347961426,0.601544439792633
"178",18,8,32.4481048583984,0.60265702009201
"179",18,9,33.7300872802734,0.614103138446808
"180",18,10,33.2006645202637,0.610767185688019
"181",19,1,40.165283203125,0.520283341407776
"182",19,2,38.638427734375,0.505382716655731
"183",19,3,40.3837852478027,0.534046053886414
"184",19,4,42.499568939209,0.562605500221252
"185",19,5,39.759578704834,0.532667279243469
"186",19,6,39.3576164245605,0.513787031173706
"187",19,7,40.3081970214844,0.537200331687927
"188",19,8,39.6647033691406,0.529496133327484
"189",19,9,39.7671279907227,0.529682517051697
"190",19,10,41.1678352355957,0.534628093242645
"191",20,1,37.4138526916504,0.596587896347046
"192",20,2,33.4149131774902,0.527109086513519
"193",20,3,35.5504722595215,0.562137424945831
"194",20,4,36.5363998413086,0.570935189723969
"195",20,5,36.5823173522949,0.561831474304199
"196",20,6,36.1203804016113,0.555625677108765
"197",20,7,38.31298828125,0.603992640972137
"198",20,8,34.203182220459,0.536645829677582
"199",20,9,36.4939575195312,0.562735199928284
"200",20,10,37.0210075378418,0.584065854549408
"201",21,1,21.3747463226318,0.696019351482391
"202",21,2,20.8333930969238,0.704216480255127
"203",21,3,23.5678176879883,0.73811811208725
"204",21,4,22.6438999176025,0.712053060531616
"205",21,5,22.2672252655029,0.714980602264404
"206",21,6,24.1666831970215,0.731634080410004
"207",21,7,20.6997203826904,0.69750702381134
"208",21,8,24.3268642425537,0.756441056728363
"209",21,9,22.7847099304199,0.719614207744598
"210",21,10,24.3861541748047,0.733554661273956
"211",22,1,43.6047019958496,0.46268567442894
"212",22,2,43.3028221130371,0.468991875648499
"213",22,3,43.1346549987793,0.461528658866882
"214",22,4,43.4014854431152,0.468605309724808
"215",22,5,42.0583343505859,0.423882067203522
"216",22,6,45.3769645690918,0.486935079097748
"217",22,7,45.1783485412598,0.475345224142075
"218",22,8,45.9329452514648,0.496726036071777
"219",22,9,45.9519996643066,0.502396404743195
"220",22,10,42.9705963134766,0.470093846321106
"221",23,1,30.3328456878662,0.62911856174469
"222",23,2,31.1488361358643,0.647123575210571
"223",23,3,30.5488605499268,0.61676949262619
"224",23,4,32.9106864929199,0.662690281867981
"225",23,5,33.3216705322266,0.6589315533638
"226",23,6,30.1068363189697,0.629984378814697
"227",23,7,30.5577507019043,0.637783110141754
"228",23,8,30.4236087799072,0.63048130273819
"229",23,9,30.2950916290283,0.62221086025238
"230",23,10,32.0527877807617,0.641782939434052
"231",24,1,27.3216342926025,0.651529788970947
"232",24,2,27.9146842956543,0.651902973651886
"233",24,3,28.5375690460205,0.663419365882874
"234",24,4,29.8080024719238,0.692555546760559
"235",24,5,28.6995983123779,0.668944478034973
"236",24,6,27.2965354919434,0.640174329280853
"237",24,7,29.7590713500977,0.675494372844696
"238",24,8,30.0561771392822,0.677979409694672
"239",24,9,27.593843460083,0.646800398826599
"240",24,10,32.5607490539551,0.71370393037796
"241",25,1,40.1597633361816,0.508374691009521
"242",25,2,40.7297668457031,0.50927746295929
"243",25,3,39.4245796203613,0.496388465166092
"244",25,4,39.5253944396973,0.509071171283722
"245",25,5,40.0780868530273,0.521396994590759
"246",25,6,39.686897277832,0.505390107631683
"247",25,7,42.4119720458984,0.539749383926392
"248",25,8,37.7582015991211,0.477453202009201
"249",25,9,41.2050704956055,0.519616186618805
"250",25,10,39.9279136657715,0.505142569541931
"251",26,1,27.0519046783447,0.750246942043304
"252",26,2,23.0473613739014,0.701482832431793
"253",26,3,23.8839359283447,0.715463936328888
"254",26,4,22.922571182251,0.694901525974274
"255",26,5,23.2287158966064,0.713759541511536
"256",26,6,22.8955955505371,0.703402578830719
"257",26,7,24.8853321075439,0.73391592502594
"258",26,8,25.4917297363281,0.742596447467804
"259",26,9,21.9557723999023,0.678188502788544
"260",26,10,25.6926708221436,0.732646703720093
"261",27,1,52.0928115844727,0.389771044254303
"262",27,2,54.3962554931641,0.431826949119568
"263",27,3,53.7770576477051,0.41922402381897
"264",27,4,51.3799896240234,0.389578104019165
"265",27,5,51.795051574707,0.392528802156448
"266",27,6,53.2286338806152,0.401872098445892
"267",27,7,50.2330322265625,0.358318775892258
"268",27,8,51.4386138916016,0.391467273235321
"269",27,9,50.9741020202637,0.37018957734108
"270",27,10,50.9162673950195,0.370411425828934
"271",28,1,46.4540367126465,0.434136927127838
"272",28,2,48.2293281555176,0.450730234384537
"273",28,3,49.401424407959,0.458690762519836
"274",28,4,46.6436347961426,0.437036871910095
"275",28,5,47.0606155395508,0.43265175819397
"276",28,6,44.7116813659668,0.404716044664383
"277",28,7,46.0046272277832,0.419627040624619
"278",28,8,46.6127014160156,0.424876630306244
"279",28,9,45.0667762756348,0.414594829082489
"280",28,10,45.1682243347168,0.399887084960938
"281",29,1,26.763334274292,0.708084404468536
"282",29,2,24.561429977417,0.67521721124649
"283",29,3,25.3066997528076,0.708503246307373
"284",29,4,28.3660888671875,0.724946677684784
"285",29,5,26.9172668457031,0.712324619293213
"286",29,6,24.520055770874,0.666512429714203
"287",29,7,27.3987121582031,0.71586275100708
"288",29,8,25.7084789276123,0.683668196201324
"289",29,9,27.4066696166992,0.703670501708984
"290",29,10,27.6053085327148,0.725404500961304
"291",30,1,42.9463920593262,0.468760579824448
"292",30,2,43.2838668823242,0.471081435680389
"293",30,3,43.9734344482422,0.497115164995193
"294",30,4,43.4829864501953,0.478454291820526
"295",30,5,42.4294624328613,0.472975850105286
"296",30,6,44.0152893066406,0.482079923152924
"297",30,7,44.3338775634766,0.477953493595123
"298",30,8,44.05615234375,0.491624653339386
"299",30,9,43.0889625549316,0.470914572477341
"300",30,10,45.6605911254883,0.505162239074707
"301",31,1,19.9233798980713,0.752089858055115
"302",31,2,20.9481678009033,0.773205816745758
"303",31,3,20.7540054321289,0.77028089761734
"304",31,4,20.8776321411133,0.77124810218811
"305",31,5,21.3510570526123,0.765343546867371
"306",31,6,21.9288520812988,0.768870174884796
"307",31,7,19.2769470214844,0.752507567405701
"308",31,8,23.2013721466064,0.793124854564667
"309",31,9,18.253324508667,0.73202657699585
"310",31,10,20.7482528686523,0.767870426177979
"311",32,1,34.7938079833984,0.546760082244873
"312",32,2,34.9378089904785,0.558038175106049
"313",32,3,38.6068840026855,0.599981784820557
"314",32,4,37.3273544311523,0.584276556968689
"315",32,5,35.079891204834,0.552018344402313
"316",32,6,34.7364044189453,0.549420595169067
"317",32,7,37.9755401611328,0.586265325546265
"318",32,8,38.5412559509277,0.583752930164337
"319",32,9,33.7152366638184,0.527376711368561
"320",32,10,37.7596206665039,0.582032084465027
"321",33,1,43.8716087341309,0.50777268409729
"322",33,2,42.7150650024414,0.498038589954376
"323",33,3,43.6837539672852,0.497534900903702
"324",33,4,42.0955772399902,0.479879409074783
"325",33,5,43.5295791625977,0.48916158080101
"326",33,6,40.8149642944336,0.445716768503189
"327",33,7,43.8334579467773,0.490342676639557
"328",33,8,45.0487861633301,0.520706415176392
"329",33,9,43.8583717346191,0.4921715259552
"330",33,10,43.2525024414062,0.488759547472
"331",34,1,33.7877807617188,0.605183362960815
"332",34,2,29.5769386291504,0.540698826313019
"333",34,3,35.1246337890625,0.621297597885132
"334",34,4,36.8735122680664,0.655935347080231
"335",34,5,32.4829978942871,0.582285284996033
"336",34,6,35.1420249938965,0.616028130054474
"337",34,7,35.2807655334473,0.627887487411499
"338",34,8,34.367057800293,0.615175068378448
"339",34,9,33.1965789794922,0.605534613132477
"340",34,10,33.7104339599609,0.607763350009918
"341",35,1,38.5660018920898,0.589235067367554
"342",35,2,37.8892364501953,0.567919075489044
"343",35,3,36.6946144104004,0.555139303207397
"344",35,4,38.8597946166992,0.578808128833771
"345",35,5,37.1829605102539,0.565067172050476
"346",35,6,38.2894325256348,0.585622251033783
"347",35,7,36.3651733398438,0.549421668052673
"348",35,8,36.197437286377,0.535415828227997
"349",35,9,40.4978637695312,0.605367481708527
"350",35,10,36.9369010925293,0.554961442947388
"351",36,1,25.9652442932129,0.734785258769989
"352",36,2,24.3679580688477,0.710267841815948
"353",36,3,24.1797714233398,0.713157474994659
"354",36,4,22.9440402984619,0.704612255096436
"355",36,5,24.1682891845703,0.712534308433533
"356",36,6,24.3524513244629,0.70561957359314
"357",36,7,24.8839225769043,0.722841441631317
"358",36,8,26.649435043335,0.736692070960999
"359",36,9,23.4534378051758,0.717180073261261
"360",36,10,24.8364124298096,0.719988465309143
"361",37,1,21.0525569915771,0.762571394443512
"362",37,2,22.2856674194336,0.771353662014008
"363",37,3,20.8565158843994,0.752906322479248
"364",37,4,22.0242137908936,0.772501707077026
"365",37,5,20.3173999786377,0.725154280662537
"366",37,6,22.5082340240479,0.762179434299469
"367",37,7,23.1101093292236,0.765591025352478
"368",37,8,22.5325794219971,0.763008594512939
"369",37,9,21.3550758361816,0.757373869419098
"370",37,10,21.9368553161621,0.778184950351715
"371",38,1,22.4906787872314,0.662336349487305
"372",38,2,25.338794708252,0.715374827384949
"373",38,3,24.9114074707031,0.708467543125153
"374",38,4,26.3032779693604,0.73047947883606
"375",38,5,25.6863079071045,0.709600806236267
"376",38,6,26.334436416626,0.71086448431015
"377",38,7,26.1833362579346,0.723777294158936
"378",38,8,25.5440845489502,0.708568274974823
"379",38,9,23.6327342987061,0.694765567779541
"380",38,10,24.2909622192383,0.691751182079315
"381",39,1,27.9369220733643,0.689404726028442
"382",39,2,26.6076526641846,0.684362947940826
"383",39,3,27.1678619384766,0.691942751407623
"384",39,4,27.1101951599121,0.67773163318634
"385",39,5,27.2565975189209,0.68639874458313
"386",39,6,28.6209259033203,0.704812467098236
"387",39,7,25.5895137786865,0.665538787841797
"388",39,8,28.8629455566406,0.70981901884079
"389",39,9,28.4543552398682,0.698647558689117
"390",39,10,24.8258934020996,0.651706755161285
"391",40,1,44.3820991516113,0.488411039113998
"392",40,2,43.9144401550293,0.496163755655289
"393",40,3,44.6286468505859,0.488408595323563
"394",40,4,46.4625511169434,0.537241995334625
"395",40,5,42.7272300720215,0.478106617927551
"396",40,6,40.4745826721191,0.450777977705002
"397",40,7,43.3138771057129,0.484510183334351
"398",40,8,45.3592948913574,0.522018373012543
"399",40,9,43.7899513244629,0.473578423261642
"400",40,10,42.3651504516602,0.4890096783638
"401",41,1,24.2449111938477,0.708306550979614
"402",41,2,22.477653503418,0.704655706882477
"403",41,3,24.567403793335,0.72115570306778
"404",41,4,22.4328804016113,0.697855174541473
"405",41,5,26.9427509307861,0.749179601669312
"406",41,6,23.98606300354,0.717992424964905
"407",41,7,23.8405513763428,0.716353476047516
"408",41,8,23.8420333862305,0.715603649616241
"409",41,9,25.4703121185303,0.728848934173584
"410",41,10,25.5818691253662,0.739583611488342
"411",42,1,25.908317565918,0.670471549034119
"412",42,2,25.7886981964111,0.672877073287964
"413",42,3,25.7113914489746,0.680301368236542
"414",42,4,26.401008605957,0.698329925537109
"415",42,5,29.1927471160889,0.723011076450348
"416",42,6,26.2181358337402,0.688000857830048
"417",42,7,25.7892379760742,0.68097597360611
"418",42,8,25.5623035430908,0.681054592132568
"419",42,9,24.3872623443604,0.669625043869019
"420",42,10,25.7495765686035,0.687297523021698
"421",43,1,25.3395919799805,0.768418073654175
"422",43,2,21.745979309082,0.72447282075882
"423",43,3,22.9309749603271,0.724461793899536
"424",43,4,23.0609512329102,0.748348593711853
"425",43,5,20.6066455841064,0.704544126987457
"426",43,6,22.9299259185791,0.741432130336761
"427",43,7,21.4040336608887,0.718358755111694
"428",43,8,21.4583530426025,0.732365012168884
"429",43,9,24.7236881256104,0.756879866123199
"430",43,10,22.1438121795654,0.723700761795044
"431",44,1,46.1644897460938,0.443672567605972
"432",44,2,44.7849731445312,0.438994258642197
"433",44,3,44.7010536193848,0.423607170581818
"434",44,4,44.4386978149414,0.435833662748337
"435",44,5,45.5335998535156,0.442409247159958
"436",44,6,44.4803886413574,0.432587921619415
"437",44,7,44.6687622070312,0.442004591226578
"438",44,8,47.5619163513184,0.478478312492371
"439",44,9,45.9984016418457,0.441290199756622
"440",44,10,48.2194747924805,0.476401090621948
"441",45,1,52.500560760498,0.410128682851791
"442",45,2,50.0598907470703,0.3649942278862
"443",45,3,49.6966667175293,0.359429270029068
"444",45,4,50.3322143554688,0.385631263256073
"445",45,5,50.3880157470703,0.388638645410538
"446",45,6,49.9077110290527,0.37525001168251
"447",45,7,51.0875129699707,0.381006836891174
"448",45,8,49.0717964172363,0.36644458770752
"449",45,9,51.4481430053711,0.383991897106171
"450",45,10,47.8572235107422,0.356216698884964
"451",46,1,25.8239135742188,0.774682223796844
"452",46,2,20.4389381408691,0.710243463516235
"453",46,3,20.9072856903076,0.713133037090302
"454",46,4,22.3394050598145,0.737785875797272
"455",46,5,24.1639862060547,0.753518283367157
"456",46,6,23.5303916931152,0.739809811115265
"457",46,7,25.1778087615967,0.776481091976166
"458",46,8,23.4810218811035,0.745854139328003
"459",46,9,22.3309078216553,0.729596495628357
"460",46,10,23.2873096466064,0.739299535751343
"461",47,1,34.202751159668,0.56532496213913
"462",47,2,33.8117599487305,0.55853283405304
"463",47,3,32.4742126464844,0.543170511722565
"464",47,4,34.9880142211914,0.588973343372345
"465",47,5,36.819938659668,0.613461852073669
"466",47,6,35.4536628723145,0.570166230201721
"467",47,7,35.6337127685547,0.596366047859192
"468",47,8,35.7673683166504,0.580191552639008
"469",47,9,36.2046508789062,0.587594926357269
"470",47,10,35.9643058776855,0.592376947402954
"471",48,1,30.8087825775146,0.607789814472198
"472",48,2,30.4939098358154,0.608011424541473
"473",48,3,32.8562545776367,0.631343007087708
"474",48,4,31.8681259155273,0.613361358642578
"475",48,5,31.2564315795898,0.609372973442078
"476",48,6,32.2732162475586,0.622636318206787
"477",48,7,32.8315849304199,0.627596080303192
"478",48,8,32.8435897827148,0.632138073444366
"479",48,9,33.7665596008301,0.635661721229553
"480",48,10,29.2106838226318,0.583647310733795
"481",49,1,48.2701301574707,0.46869957447052
"482",49,2,45.0842971801758,0.43810448050499
"483",49,3,48.4198303222656,0.469319522380829
"484",49,4,47.6173934936523,0.468396186828613
"485",49,5,46.2031860351562,0.455132037401199
"486",49,6,45.9481353759766,0.443418771028519
"487",49,7,48.7404403686523,0.479222387075424
"488",49,8,44.7523460388184,0.430636942386627
"489",49,9,47.386116027832,0.458501219749451
"490",49,10,42.8590698242188,0.411144137382507
"491",50,1,61.430046081543,0.231987804174423
"492",50,2,63.2553253173828,0.267084032297134
"493",50,3,58.039379119873,0.209158807992935
"494",50,4,61.4259414672852,0.237302526831627
"495",50,5,61.3048133850098,0.239998996257782
"496",50,6,62.6009750366211,0.251802504062653
"497",50,7,64.4168014526367,0.270441502332687
"498",50,8,62.4308929443359,0.261251896619797
"499",50,9,61.6624717712402,0.240243479609489
"500",50,10,61.0066528320312,0.238083407282829
"501",51,1,38.4078483581543,0.613627791404724
"502",51,2,37.732780456543,0.588927328586578
"503",51,3,34.745361328125,0.556720495223999
"504",51,4,36.9371185302734,0.585574507713318
"505",51,5,37.9790954589844,0.59904408454895
"506",51,6,35.8533134460449,0.56017804145813
"507",51,7,36.8347091674805,0.585518479347229
"508",51,8,37.3066635131836,0.586107194423676
"509",51,9,37.7031326293945,0.593177318572998
"510",51,10,37.8283576965332,0.571589469909668
"511",52,1,45.1160278320312,0.50327455997467
"512",52,2,44.8953132629395,0.51773065328598
"513",52,3,42.807502746582,0.485241711139679
"514",52,4,45.2418060302734,0.532655537128448
"515",52,5,40.7980308532715,0.461049944162369
"516",52,6,43.0500297546387,0.497743785381317
"517",52,7,42.0977821350098,0.484170764684677
"518",52,8,40.1376304626465,0.450722813606262
"519",52,9,45.0080184936523,0.50728577375412
"520",52,10,42.9965744018555,0.477962672710419
"521",53,1,40.8827056884766,0.563758611679077
"522",53,2,41.2551193237305,0.543805539608002
"523",53,3,39.3977737426758,0.527460992336273
"524",53,4,39.9008445739746,0.520856082439423
"525",53,5,42.2487831115723,0.545371294021606
"526",53,6,40.3592720031738,0.53688645362854
"527",53,7,39.9271774291992,0.542212963104248
"528",53,8,38.2701148986816,0.512613236904144
"529",53,9,36.8102264404297,0.501903712749481
"530",53,10,38.9761085510254,0.517365097999573
"531",54,1,36.9274063110352,0.592159986495972
"532",54,2,34.7779502868652,0.585353493690491
"533",54,3,36.0360717773438,0.572804749011993
"534",54,4,36.6333999633789,0.594784259796143
"535",54,5,38.7786483764648,0.622455954551697
"536",54,6,34.0004043579102,0.563869118690491
"537",54,7,36.753246307373,0.598095953464508
"538",54,8,36.9499244689941,0.602625370025635
"539",54,9,36.4374961853027,0.593869924545288
"540",54,10,38.4825172424316,0.628147900104523
"541",55,1,25.0833873748779,0.710937142372131
"542",55,2,24.4487152099609,0.721743822097778
"543",55,3,24.8610172271729,0.723776638507843
"544",55,4,23.6571254730225,0.71592116355896
"545",55,5,25.0569171905518,0.704393625259399
"546",55,6,23.9042530059814,0.711418151855469
"547",55,7,24.0031509399414,0.712560594081879
"548",55,8,25.1592845916748,0.72787743806839
"549",55,9,23.8705749511719,0.698247849941254
"550",55,10,25.227445602417,0.722861647605896
"551",56,1,25.4783611297607,0.681977391242981
"552",56,2,26.8109798431396,0.696597576141357
"553",56,3,29.2850074768066,0.733810722827911
"554",56,4,26.9774799346924,0.70045679807663
"555",56,5,27.4205055236816,0.711406528949738
"556",56,6,25.679105758667,0.674805998802185
"557",56,7,28.1458683013916,0.707044243812561
"558",56,8,29.3915157318115,0.720298826694489
"559",56,9,26.5764617919922,0.675601065158844
"560",56,10,24.3651142120361,0.651146173477173
"561",57,1,39.44091796875,0.543967306613922
"562",57,2,39.2536964416504,0.545052111148834
"563",57,3,39.6164588928223,0.538123488426208
"564",57,4,37.7372703552246,0.536836206912994
"565",57,5,37.7202568054199,0.527274489402771
"566",57,6,38.2075996398926,0.528709352016449
"567",57,7,37.2751502990723,0.52371871471405
"568",57,8,37.6637496948242,0.529224753379822
"569",57,9,36.8415908813477,0.493187338113785
"570",57,10,36.8014450073242,0.524464428424835
"571",58,1,44.545295715332,0.433316498994827
"572",58,2,46.1444396972656,0.443436443805695
"573",58,3,45.9650535583496,0.449418157339096
"574",58,4,47.3096466064453,0.472083538770676
"575",58,5,45.1851272583008,0.446426838636398
"576",58,6,44.9168548583984,0.445233732461929
"577",58,7,45.4409599304199,0.442819863557816
"578",58,8,45.8818511962891,0.458582997322083
"579",58,9,48.0207405090332,0.463342398405075
"580",58,10,42.9664459228516,0.40312385559082
"581",59,1,28.202075958252,0.652088761329651
"582",59,2,26.7054138183594,0.619787812232971
"583",59,3,28.4606037139893,0.658151566982269
"584",59,4,29.6915016174316,0.656540751457214
"585",59,5,29.6096858978271,0.65887850522995
"586",59,6,29.8977870941162,0.668681025505066
"587",59,7,27.8915309906006,0.636461555957794
"588",59,8,29.4809894561768,0.651807069778442
"589",59,9,31.4597721099854,0.689839422702789
"590",59,10,28.3035182952881,0.64277970790863
"591",60,1,31.0061645507812,0.638695418834686
"592",60,2,34.6072731018066,0.685790836811066
"593",60,3,29.7278594970703,0.616910576820374
"594",60,4,29.8818092346191,0.624224185943604
"595",60,5,31.721363067627,0.63885086774826
"596",60,6,30.781120300293,0.62134712934494
"597",60,7,30.3579540252686,0.627774357795715
"598",60,8,32.032829284668,0.643255531787872
"599",60,9,30.1630668640137,0.625480771064758
"600",60,10,30.722261428833,0.643839359283447
"601",61,1,24.3441028594971,0.762265026569366
"602",61,2,21.4699821472168,0.727144479751587
"603",61,3,21.6277694702148,0.717090249061584
"604",61,4,20.6053600311279,0.714518368244171
"605",61,5,19.880687713623,0.724850535392761
"606",61,6,23.2044219970703,0.7615607380867
"607",61,7,22.4774150848389,0.745640993118286
"608",61,8,21.904317855835,0.736041247844696
"609",61,9,22.49658203125,0.737426578998566
"610",61,10,21.8929557800293,0.728371262550354
"611",62,1,53.1931381225586,0.408551186323166
"612",62,2,50.8722877502441,0.390928417444229
"613",62,3,51.7062759399414,0.408052206039429
"614",62,4,52.0446357727051,0.404112726449966
"615",62,5,50.467658996582,0.381429821252823
"616",62,6,49.9579467773438,0.374883741140366
"617",62,7,50.1970291137695,0.377919465303421
"618",62,8,50.6144371032715,0.378787577152252
"619",62,9,49.0623664855957,0.355552166700363
"620",62,10,52.5705528259277,0.411353826522827
"621",63,1,37.3547782897949,0.554911017417908
"622",63,2,37.9790115356445,0.568588435649872
"623",63,3,38.1721458435059,0.574696063995361
"624",63,4,36.1628112792969,0.536382257938385
"625",63,5,39.006664276123,0.582073450088501
"626",63,6,39.0768623352051,0.584652125835419
"627",63,7,34.8980293273926,0.541682541370392
"628",63,8,35.6330528259277,0.548401892185211
"629",63,9,38.2264022827148,0.584022998809814
"630",63,10,38.200870513916,0.576120555400848
"631",64,1,42.7566299438477,0.49948987364769
"632",64,2,41.0339660644531,0.480605691671371
"633",64,3,41.9779853820801,0.481751590967178
"634",64,4,44.2082099914551,0.519069194793701
"635",64,5,41.2006988525391,0.489574521780014
"636",64,6,44.0100517272949,0.504923701286316
"637",64,7,41.3792381286621,0.482113599777222
"638",64,8,40.5248260498047,0.464930176734924
"639",64,9,40.5373382568359,0.458061814308167
"640",64,10,41.8275566101074,0.472532033920288
"641",65,1,34.2453575134277,0.520622193813324
"642",65,2,35.7646446228027,0.549266874790192
"643",65,3,36.7448768615723,0.56765478849411
"644",65,4,35.8796997070312,0.55450838804245
"645",65,5,34.6226234436035,0.536494493484497
"646",65,6,34.0015716552734,0.516025304794312
"647",65,7,37.7243766784668,0.572614848613739
"648",65,8,38.9358558654785,0.58857786655426
"649",65,9,37.341381072998,0.573845684528351
"650",65,10,35.6250038146973,0.535090923309326
"651",66,1,23.821964263916,0.687818348407745
"652",66,2,25.0432205200195,0.700213074684143
"653",66,3,25.8696155548096,0.716106235980988
"654",66,4,27.4196872711182,0.729373335838318
"655",66,5,27.5896453857422,0.746354997158051
"656",66,6,27.5995254516602,0.736627221107483
"657",66,7,27.2649211883545,0.729603409767151
"658",66,8,25.9050369262695,0.718976736068726
"659",66,9,26.3077907562256,0.72072821855545
"660",66,10,27.7989196777344,0.73167359828949
"661",67,1,36.7483444213867,0.596403419971466
"662",67,2,34.5124206542969,0.591621160507202
"663",67,3,31.9755325317383,0.553244769573212
"664",67,4,37.3626327514648,0.603254854679108
"665",67,5,35.6097602844238,0.582884192466736
"666",67,6,32.6689109802246,0.545964121818542
"667",67,7,34.8502731323242,0.587019562721252
"668",67,8,34.345272064209,0.57948112487793
"669",67,9,37.0463714599609,0.593567490577698
"670",67,10,31.8353652954102,0.545332312583923
"671",68,1,15.1771926879883,0.841850757598877
"672",68,2,14.1997871398926,0.836636066436768
"673",68,3,15.078987121582,0.854422330856323
"674",68,4,13.2679090499878,0.829742431640625
"675",68,5,13.1761302947998,0.823354125022888
"676",68,6,15.3407735824585,0.838878810405731
"677",68,7,14.045485496521,0.831150412559509
"678",68,8,15.9076461791992,0.852358102798462
"679",68,9,13.9677152633667,0.837060153484344
"680",68,10,17.1960926055908,0.862655639648438
"681",69,1,31.8330039978027,0.583933770656586
"682",69,2,34.3139686584473,0.604427874088287
"683",69,3,33.3775253295898,0.594073712825775
"684",69,4,34.547046661377,0.59917688369751
"685",69,5,33.5457801818848,0.592688620090485
"686",69,6,32.2583541870117,0.5630943775177
"687",69,7,35.693660736084,0.617647707462311
"688",69,8,34.1012573242188,0.598961472511292
"689",69,9,35.3408355712891,0.614591121673584
"690",69,10,33.5776863098145,0.600401937961578
"691",70,1,34.458080291748,0.618024230003357
"692",70,2,32.0007019042969,0.57614129781723
"693",70,3,33.5933723449707,0.605429589748383
"694",70,4,35.5682601928711,0.636136591434479
"695",70,5,36.7542190551758,0.65451455116272
"696",70,6,32.7609786987305,0.597352743148804
"697",70,7,32.9827270507812,0.582691967487335
"698",70,8,31.4824256896973,0.574654102325439
"699",70,9,32.5410461425781,0.57383668422699
"700",70,10,32.6154479980469,0.592268168926239
"701",71,1,31.0878314971924,0.636068046092987
"702",71,2,31.186014175415,0.643190979957581
"703",71,3,31.0146980285645,0.625444829463959
"704",71,4,31.3440589904785,0.640853881835938
"705",71,5,30.4963054656982,0.624568104743958
"706",71,6,30.8721694946289,0.622771441936493
"707",71,7,33.6328620910645,0.667163491249084
"708",71,8,28.7204360961914,0.617851972579956
"709",71,9,31.079568862915,0.626032173633575
"710",71,10,31.066837310791,0.631207227706909
"711",72,1,41.8260192871094,0.433987379074097
"712",72,2,42.9775810241699,0.459795594215393
"713",72,3,44.3803672790527,0.462230235338211
"714",72,4,43.7710342407227,0.46465003490448
"715",72,5,41.7687454223633,0.443400204181671
"716",72,6,44.2264823913574,0.450717359781265
"717",72,7,45.1982307434082,0.491127729415894
"718",72,8,44.3753128051758,0.461472392082214
"719",72,9,43.9394454956055,0.468070536851883
"720",72,10,44.2915725708008,0.45646607875824
"721",73,1,33.2496376037598,0.640231609344482
"722",73,2,34.217342376709,0.637831211090088
"723",73,3,30.1247882843018,0.600299656391144
"724",73,4,29.9894924163818,0.597001254558563
"725",73,5,30.734920501709,0.595151782035828
"726",73,6,34.7693824768066,0.655810534954071
"727",73,7,33.7972946166992,0.633023738861084
"728",73,8,34.844539642334,0.65350878238678
"729",73,9,33.9095840454102,0.638763606548309
"730",73,10,31.3231296539307,0.602689981460571
"731",74,1,27.3960075378418,0.67616730928421
"732",74,2,24.2224788665771,0.647926926612854
"733",74,3,26.4706344604492,0.674789130687714
"734",74,4,28.3084735870361,0.692534208297729
"735",74,5,26.2312984466553,0.67275869846344
"736",74,6,27.8577461242676,0.701231360435486
"737",74,7,26.5743846893311,0.684539318084717
"738",74,8,28.4247951507568,0.706367492675781
"739",74,9,26.19460105896,0.685859501361847
"740",74,10,28.4438400268555,0.693994343280792
"741",75,1,52.6178970336914,0.370450019836426
"742",75,2,50.9041290283203,0.336267054080963
"743",75,3,53.2097320556641,0.360885977745056
"744",75,4,54.3314819335938,0.380378574132919
"745",75,5,52.7661476135254,0.353437393903732
"746",75,6,53.3696022033691,0.380704313516617
"747",75,7,51.4807243347168,0.34734833240509
"748",75,8,53.7412796020508,0.370556861162186
"749",75,9,51.7103500366211,0.340567082166672
"750",75,10,54.3115425109863,0.374583750963211
"751",76,1,39.8490447998047,0.497846990823746
"752",76,2,40.0756645202637,0.518884003162384
"753",76,3,40.9919281005859,0.516764402389526
"754",76,4,39.9446716308594,0.514490067958832
"755",76,5,40.0721321105957,0.508142173290253
"756",76,6,39.6169815063477,0.495736360549927
"757",76,7,40.9555015563965,0.516321420669556
"758",76,8,42.3321723937988,0.529782652854919
"759",76,9,41.2984924316406,0.524518430233002
"760",76,10,39.8471260070801,0.52122288942337
"761",77,1,48.1387062072754,0.459972262382507
"762",77,2,43.7080459594727,0.407097637653351
"763",77,3,44.4875221252441,0.424227178096771
"764",77,4,46.2933578491211,0.446308553218842
"765",77,5,45.9254531860352,0.427257001399994
"766",77,6,47.5441017150879,0.466681450605392
"767",77,7,48.0293884277344,0.45964515209198
"768",77,8,48.1750526428223,0.46055880188942
"769",77,9,46.1955184936523,0.442564457654953
"770",77,10,49.6717109680176,0.473846852779388
"771",78,1,32.9048881530762,0.643666386604309
"772",78,2,33.4085845947266,0.648938655853271
"773",78,3,31.9999485015869,0.640152156352997
"774",78,4,31.0044384002686,0.616647660732269
"775",78,5,30.9404792785645,0.614426255226135
"776",78,6,32.9958992004395,0.660527408123016
"777",78,7,29.2611389160156,0.606760859489441
"778",78,8,32.242301940918,0.638530135154724
"779",78,9,31.8753318786621,0.635897815227509
"780",78,10,29.9973411560059,0.613523364067078
"781",79,1,34.119571685791,0.655377149581909
"782",79,2,31.5766792297363,0.608102917671204
"783",79,3,34.5050811767578,0.647887051105499
"784",79,4,32.7865180969238,0.634417295455933
"785",79,5,33.5637397766113,0.649208903312683
"786",79,6,32.6693000793457,0.619747817516327
"787",79,7,32.3561782836914,0.621451616287231
"788",79,8,32.3155136108398,0.629081130027771
"789",79,9,32.5632209777832,0.629685521125793
"790",79,10,32.7475929260254,0.619778513908386
"791",80,1,30.0460224151611,0.620124042034149
"792",80,2,32.0400581359863,0.648499608039856
"793",80,3,31.7114067077637,0.655053555965424
"794",80,4,31.4781913757324,0.633272528648376
"795",80,5,27.8025417327881,0.591008007526398
"796",80,6,31.5754013061523,0.64753645658493
"797",80,7,30.8428783416748,0.627705931663513
"798",80,8,30.952953338623,0.634289145469666
"799",80,9,31.0599956512451,0.643366038799286
"800",80,10,31.3878116607666,0.6475590467453
"801",81,1,31.4951610565186,0.636964976787567
"802",81,2,31.8581848144531,0.643700838088989
"803",81,3,31.8515148162842,0.648519992828369
"804",81,4,30.4386901855469,0.634966850280762
"805",81,5,32.4041748046875,0.660189568996429
"806",81,6,30.6067371368408,0.640913724899292
"807",81,7,28.3597202301025,0.607312202453613
"808",81,8,27.518404006958,0.592511355876923
"809",81,9,30.1405143737793,0.631530404090881
"810",81,10,34.2709808349609,0.679253756999969
"811",82,1,28.2412090301514,0.682864308357239
"812",82,2,28.6494464874268,0.684319257736206
"813",82,3,28.4934234619141,0.671358823776245
"814",82,4,26.7059650421143,0.659916698932648
"815",82,5,28.5236740112305,0.664174318313599
"816",82,6,28.7791481018066,0.666469275951385
"817",82,7,26.9148712158203,0.658724308013916
"818",82,8,28.0237369537354,0.671525239944458
"819",82,9,29.4867420196533,0.695737242698669
"820",82,10,26.5468330383301,0.665571928024292
"821",83,1,40.9162979125977,0.60542219877243
"822",83,2,37.7295761108398,0.562566578388214
"823",83,3,34.407787322998,0.525169968605042
"824",83,4,40.6053733825684,0.583587288856506
"825",83,5,38.055965423584,0.568345248699188
"826",83,6,37.4674873352051,0.56391966342926
"827",83,7,36.9903106689453,0.547914743423462
"828",83,8,35.3338088989258,0.543197453022003
"829",83,9,37.9540100097656,0.563411116600037
"830",83,10,36.7492828369141,0.556669116020203
"831",84,1,38.0151634216309,0.581223964691162
"832",84,2,35.2043800354004,0.543332517147064
"833",84,3,35.8733444213867,0.551162004470825
"834",84,4,35.7036018371582,0.551721513271332
"835",84,5,38.2953186035156,0.585049867630005
"836",84,6,35.1545753479004,0.548572599887848
"837",84,7,35.2671508789062,0.556363701820374
"838",84,8,37.7009315490723,0.56734561920166
"839",84,9,37.5222969055176,0.57631242275238
"840",84,10,36.5080108642578,0.563438951969147
"841",85,1,51.5781135559082,0.385552138090134
"842",85,2,50.9657821655273,0.389020770788193
"843",85,3,51.7118339538574,0.394642174243927
"844",85,4,52.3918571472168,0.404730498790741
"845",85,5,51.9663009643555,0.39998471736908
"846",85,6,49.8762550354004,0.364214211702347
"847",85,7,50.9844055175781,0.388442724943161
"848",85,8,50.3573341369629,0.364785999059677
"849",85,9,53.4534721374512,0.415497750043869
"850",85,10,52.9071502685547,0.410017311573029
"851",86,1,35.7888450622559,0.535882711410522
"852",86,2,38.4405670166016,0.580641090869904
"853",86,3,39.9163818359375,0.577806711196899
"854",86,4,35.9473648071289,0.542283654212952
"855",86,5,35.6416549682617,0.543408334255219
"856",86,6,36.6358451843262,0.551837503910065
"857",86,7,37.4421463012695,0.564968049526215
"858",86,8,38.0827522277832,0.560848653316498
"859",86,9,37.3397102355957,0.571397602558136
"860",86,10,38.9808235168457,0.5816810131073
"861",87,1,42.3016052246094,0.543950140476227
"862",87,2,40.6681480407715,0.513773560523987
"863",87,3,41.06787109375,0.528420090675354
"864",87,4,40.2599601745605,0.516191184520721
"865",87,5,40.8249549865723,0.527612745761871
"866",87,6,40.99267578125,0.526142060756683
"867",87,7,39.5728378295898,0.505456686019897
"868",87,8,41.8546180725098,0.546238780021667
"869",87,9,39.362678527832,0.512317061424255
"870",87,10,39.2159423828125,0.511110424995422
"871",88,1,28.9233131408691,0.636703372001648
"872",88,2,30.9052028656006,0.663588106632233
"873",88,3,28.7920074462891,0.638786733150482
"874",88,4,28.635648727417,0.647327363491058
"875",88,5,29.3231163024902,0.658665478229523
"876",88,6,29.3515224456787,0.652984440326691
"877",88,7,30.9335327148438,0.668161690235138
"878",88,8,29.9709701538086,0.650307416915894
"879",88,9,29.332088470459,0.656852960586548
"880",88,10,32.219123840332,0.688187479972839
"881",89,1,33.1760177612305,0.622224092483521
"882",89,2,33.4540557861328,0.618156373500824
"883",89,3,33.4077224731445,0.641526281833649
"884",89,4,32.6837348937988,0.615229785442352
"885",89,5,31.7652835845947,0.607054531574249
"886",89,6,30.8652153015137,0.597352504730225
"887",89,7,33.7834777832031,0.635546803474426
"888",89,8,32.6044731140137,0.623494386672974
"889",89,9,31.5845165252686,0.600592136383057
"890",89,10,32.9490661621094,0.613722622394562
"891",90,1,48.848087310791,0.42332923412323
"892",90,2,48.0956001281738,0.41028168797493
"893",90,3,48.4062843322754,0.418659120798111
"894",90,4,48.9209213256836,0.430498480796814
"895",90,5,47.1352806091309,0.40149262547493
"896",90,6,49.4531669616699,0.428892970085144
"897",90,7,45.8296203613281,0.379697889089584
"898",90,8,46.7413940429688,0.405327945947647
"899",90,9,48.7817993164062,0.406122356653214
"900",90,10,47.7649154663086,0.400007694959641
"901",91,1,29.3264045715332,0.642412960529327
"902",91,2,29.0422077178955,0.63810133934021
"903",91,3,30.1034183502197,0.672316431999207
"904",91,4,29.7622661590576,0.654303967952728
"905",91,5,30.1732120513916,0.671161830425262
"906",91,6,28.627420425415,0.635201394557953
"907",91,7,28.0848522186279,0.630549669265747
"908",91,8,30.0533924102783,0.656138598918915
"909",91,9,29.9960670471191,0.640838384628296
"910",91,10,27.6036224365234,0.618149816989899
"911",92,1,39.789608001709,0.551398515701294
"912",92,2,38.8349075317383,0.529387652873993
"913",92,3,37.7534255981445,0.513637363910675
"914",92,4,38.4426803588867,0.535245537757874
"915",92,5,38.2155456542969,0.527942836284637
"916",92,6,40.692195892334,0.563260436058044
"917",92,7,37.5495262145996,0.505273818969727
"918",92,8,38.3744468688965,0.533556044101715
"919",92,9,38.3813667297363,0.518304646015167
"920",92,10,39.9290542602539,0.55842649936676
"921",93,1,37.6422233581543,0.611437141895294
"922",93,2,34.6630096435547,0.578295826911926
"923",93,3,34.3992309570312,0.57566237449646
"924",93,4,32.3116760253906,0.5470330119133
"925",93,5,36.7054862976074,0.595207989215851
"926",93,6,33.7848854064941,0.552671194076538
"927",93,7,35.0627708435059,0.567732930183411
"928",93,8,34.8880424499512,0.571742951869965
"929",93,9,34.7220268249512,0.562118530273438
"930",93,10,33.1322822570801,0.54184764623642
"931",94,1,36.4763031005859,0.56990110874176
"932",94,2,35.314151763916,0.553508281707764
"933",94,3,36.1231727600098,0.573541283607483
"934",94,4,37.7979965209961,0.602558135986328
"935",94,5,37.5276679992676,0.586357057094574
"936",94,6,38.1809425354004,0.588030934333801
"937",94,7,35.0923614501953,0.546718776226044
"938",94,8,33.0713806152344,0.542166590690613
"939",94,9,34.6456604003906,0.54448127746582
"940",94,10,37.0064888000488,0.582575440406799
"941",95,1,44.6335067749023,0.527421236038208
"942",95,2,41.8546333312988,0.48488175868988
"943",95,3,40.6382446289062,0.470595896244049
"944",95,4,42.7901420593262,0.499076932668686
"945",95,5,42.1766738891602,0.491464167833328
"946",95,6,43.2979736328125,0.512933075428009
"947",95,7,40.3949851989746,0.459098547697067
"948",95,8,43.5315628051758,0.505069017410278
"949",95,9,41.2925910949707,0.481345057487488
"950",95,10,41.1634254455566,0.470257729291916
"951",96,1,24.7686195373535,0.756584644317627
"952",96,2,22.9320068359375,0.730676114559174
"953",96,3,22.919059753418,0.739666879177094
"954",96,4,24.3324279785156,0.743151485919952
"955",96,5,22.2648811340332,0.721297740936279
"956",96,6,26.1746482849121,0.777180075645447
"957",96,7,22.5511455535889,0.735354840755463
"958",96,8,22.4568252563477,0.722867071628571
"959",96,9,24.5014877319336,0.758153140544891
"960",96,10,23.9217643737793,0.732380628585815
"961",97,1,38.3080825805664,0.554147481918335
"962",97,2,37.3009033203125,0.546159088611603
"963",97,3,38.5522689819336,0.558751940727234
"964",97,4,38.7888450622559,0.560690104961395
"965",97,5,38.7855987548828,0.557840526103973
"966",97,6,38.3711891174316,0.567549824714661
"967",97,7,38.866138458252,0.569092094898224
"968",97,8,39.8992500305176,0.584486246109009
"969",97,9,37.1906356811523,0.564786911010742
"970",97,10,39.0433082580566,0.56030935049057
"971",98,1,39.7538566589355,0.527202486991882
"972",98,2,40.426139831543,0.541896760463715
"973",98,3,38.4113922119141,0.502633333206177
"974",98,4,38.677173614502,0.519665956497192
"975",98,5,40.012825012207,0.542092561721802
"976",98,6,39.4586524963379,0.522926151752472
"977",98,7,40.8041801452637,0.529133856296539
"978",98,8,37.7187461853027,0.488471329212189
"979",98,9,38.139778137207,0.503877878189087
"980",98,10,41.2062568664551,0.545331120491028
"981",99,1,28.5307674407959,0.673216462135315
"982",99,2,29.1200008392334,0.683772504329681
"983",99,3,29.4288558959961,0.68737006187439
"984",99,4,28.9544506072998,0.679624855518341
"985",99,5,28.2219753265381,0.674682915210724
"986",99,6,27.7250537872314,0.669014453887939
"987",99,7,28.1741409301758,0.665566504001617
"988",99,8,30.4918994903564,0.698903203010559
"989",99,9,25.7803611755371,0.632023215293884
"990",99,10,29.623851776123,0.689180135726929
"991",100,1,46.5237464904785,0.422724723815918
"992",100,2,49.7255859375,0.462244629859924
"993",100,3,49.8620185852051,0.456811368465424
"994",100,4,48.1626968383789,0.44533959031105
"995",100,5,50.5740699768066,0.459688454866409
"996",100,6,46.4172096252441,0.411708056926727
"997",100,7,48.2234992980957,0.440578073263168
"998",100,8,50.8132514953613,0.474401891231537
"999",100,9,48.8050117492676,0.429821252822876
"1000",100,10,46.6823654174805,0.41865661740303
